split,site,model,n,MAE,RMSE,bias,skill_vs_persistence
train,Delhi,persistence,1454,0.6659314993122422,0.9755026638367947,0.00025392022008253014,0.0
train,Delhi,ridge,1454,0.5951340681360853,0.839669760750383,-0.005659431710293167,0.10631338395807188
train,Delhi,learned_mlp,1454,0.5328849405263164,0.7549582537886894,0.04173224994222522,0.19979015698060987
train,Jaipur,persistence,1454,0.5878616918844566,0.8804187567058983,0.0009512379642365855,0.0
train,Jaipur,ridge,1454,0.5463858998620671,0.774395554549183,-0.021785854369518916,0.07055365674438518
train,Jaipur,learned_mlp,1454,0.49962113724161944,0.6937351904980861,-0.012611460452569867,0.15010427769153
train,Mumbai,persistence,1454,0.5627017881705639,0.891920071717682,0.0005711141678129308,0.0
train,Mumbai,ridge,1454,0.5269584963382654,0.7862529406078653,-0.021717274517759434,0.06352084280468673
train,Mumbai,learned_mlp,1454,0.4715049709169195,0.6971715981306278,-0.017863622981049685,0.16206953517979794
train,Bengaluru,persistence,1454,0.5987635488308116,0.8131180820886548,0.0014302613480055009,0.0
train,Bengaluru,ridge,1454,0.5477472401012142,0.7138760546978827,0.003662962170861575,0.08520276297582818
train,Bengaluru,learned_mlp,1454,0.5130955563509586,0.6716937664044239,-0.019993195796198016,0.143074829199497
train,Hyderabad,persistence,1454,0.6281520632737276,0.8882914178152553,0.00017874828060522545,0.0
train,Hyderabad,ridge,1454,0.5569685246323044,0.7643038392587939,0.04663394722150006,0.11332214411656538
train,Hyderabad,learned_mlp,1454,0.5155308942823242,0.7013103062593727,0.029281476296567334,0.17928965862892798
train,Ahmedabad,persistence,1454,0.46855529573590105,0.7183481708330594,0.0009236588720770298,0.0
train,Ahmedabad,ridge,1454,0.44705844410857964,0.6497661190225691,-0.008525036540948513,0.04587900685992463
train,Ahmedabad,learned_mlp,1454,0.4124412833343662,0.5965874338965534,-0.006002824293642619,0.11975963757576058
train,Pune,persistence,1454,0.49495144429160937,0.7211641640617084,0.00036121045392021987,0.0
train,Pune,ridge,1454,0.4858207552919887,0.6772031150762341,-1.7332190390933765e-05,0.018447645935630752
train,Pune,learned_mlp,1454,0.43620757334546856,0.604447133732093,0.0005773023982500736,0.1186861289600174
train,Lucknow,persistence,1454,0.6449554332874827,0.9578469814517366,0.0008524071526822585,0.0
train,Lucknow,ridge,1454,0.5816941945336848,0.8227199321412805,0.007408019936551166,0.09808621726208466
train,Lucknow,learned_mlp,1454,0.5267863941892891,0.7461203598426562,0.07017810926721833,0.18322047229815475
validation,Chennai,persistence,365,0.7441545205479452,1.100241518691262,-0.004546849315068498,0.0
validation,Chennai,ridge,365,0.6960369384448193,0.995167008445829,0.08298594287969942,0.0646607401748972
validation,Chennai,learned_mlp,365,0.7268186033061512,1.017943149045463,0.04661530038063018,0.0232961256877523
validation,Bhopal,persistence,365,0.648281095890411,0.9783238841795515,-0.0024882191780821925,0.0
validation,Bhopal,ridge,365,0.6024409904042668,0.8499383467417048,-0.02324128944338853,0.07071023014049649
validation,Bhopal,learned_mlp,365,0.5793769221493168,0.8351186936181363,0.009098707259744595,0.10628749500470114
validation,Nagpur,persistence,365,0.6828273972602739,0.9658605391545357,-0.002910136986301374,0.0
validation,Nagpur,ridge,365,0.6052672622275882,0.8572240509042712,0.1056615153286805,0.11358673559948274
validation,Nagpur,learned_mlp,365,0.5950480897733899,0.865471820309114,0.13768474505214848,0.1285527028339566
heldout,Guwahati,persistence,730,0.7385568493150684,1.0866315105463897,-8.342465753424803e-05,0.0
heldout,Guwahati,ridge,730,0.6736074923425469,0.9718599935302237,0.16050224360476986,0.08794090398424304
heldout,Guwahati,learned_mlp,730,0.7348295559166664,1.0744704041700588,0.44702365811666334,0.005046725112438644
heldout,Leh,persistence,730,0.7981513698630136,1.0966747602989286,-7.301369863013595e-05,0.0
heldout,Leh,ridge,730,0.8839535891976448,1.0687896703780873,-0.5023728321143097,-0.10750118658489227
heldout,Leh,learned_mlp,730,0.7815008424349171,1.065341349690873,0.39227608206095793,0.02086136547125661
heldout,Jaisalmer,persistence,730,0.4513589041095891,0.7312718769939069,-0.0016109589041095886,0.0
heldout,Jaisalmer,ridge,730,0.4852462170685416,0.6810176243212411,-0.15250459648214093,-0.07507841908160229
heldout,Jaisalmer,learned_mlp,730,0.4747582364329161,0.678578765403753,-0.08590282663091328,-0.05184196458799817
heldout,Kochi,persistence,730,0.7233835616438357,1.0052050982432623,-0.0006676712328767118,0.0
heldout,Kochi,ridge,730,0.63704835207677,0.8742831048425126,0.0719004333733042,0.11934914496933724
heldout,Kochi,learned_mlp,730,0.6620828075750337,0.8973716815646927,-0.0745330870226114,0.08474170180132456
